{
  "timestamp": "2025-12-15T11:37:03.508725",
  "config": {
    "hidden_layers": [
      64,
      32,
      16
    ],
    "learning_rate": 0.005,
    "max_epochs": 100,
    "batch_size": 256,
    "patience": 20
  },
  "training_results": [
    {
      "n_samples": 1000,
      "n_runs": 3,
      "training_time": {
        "mean": 1.666855860889579,
        "std": 1.3014189193352428,
        "min": 0.7418151658494025,
        "max": 3.5073317917995155,
        "all_runs": [
          3.5073317917995155,
          0.7418151658494025,
          0.7514206250198185
        ]
      },
      "memory_mb": {
        "mean": 18.335962613423664,
        "std": 25.37858928746841,
        "peak": 54.22658920288086,
        "all_runs": [
          54.22658920288086,
          0.4705467224121094,
          0.31075191497802734
        ]
      },
      "metrics": {
        "mse": {
          "mean": 0.07773949950933456,
          "std": 0.02657548120893356
        },
        "rmse": {
          "mean": 0.2747942308584849,
          "std": 0.047197749056744946
        },
        "mae": {
          "mean": 0.1756366491317749,
          "std": 0.030965459337221373
        },
        "r2": {
          "mean": 0.9912736043334007,
          "std": 0.003599385757732631
        }
      }
    },
    {
      "n_samples": 5000,
      "n_runs": 3,
      "training_time": {
        "mean": 3.696051138686016,
        "std": 0.042768302045120936,
        "min": 3.6371843330562115,
        "max": 3.7375143331009895,
        "all_runs": [
          3.6371843330562115,
          3.7134547499008477,
          3.7375143331009895
        ]
      },
      "memory_mb": {
        "mean": 0.5864718755086263,
        "std": 0.003247227702045067,
        "peak": 0.5899944305419922,
        "all_runs": [
          0.5899944305419922,
          0.5872621536254883,
          0.5821590423583984
        ]
      },
      "metrics": {
        "mse": {
          "mean": 0.014222009728352228,
          "std": 0.0016980712468791445
        },
        "rmse": {
          "mean": 0.11904905984799068,
          "std": 0.007023574808847014
        },
        "mae": {
          "mean": 0.08817403266827266,
          "std": 0.0020247929033235324
        },
        "r2": {
          "mean": 0.9984172260155901,
          "std": 0.00018988962430178328
        }
      }
    },
    {
      "n_samples": 10000,
      "n_runs": 3,
      "training_time": {
        "mean": 7.603081166666622,
        "std": 0.07018578793535277,
        "min": 7.5092839589342475,
        "max": 7.678097916068509,
        "all_runs": [
          7.5092839589342475,
          7.678097916068509,
          7.621861624997109
        ]
      },
      "memory_mb": {
        "mean": 0.9446102778116862,
        "std": 0.003402911696039598,
        "peak": 0.9493465423583984,
        "all_runs": [
          0.9493465423583984,
          0.9429807662963867,
          0.9415035247802734
        ]
      },
      "metrics": {
        "mse": {
          "mean": 0.011165745556354523,
          "std": 0.00036938904427645384
        },
        "rmse": {
          "mean": 0.105653482178847,
          "std": 0.0017568909423089306
        },
        "mae": {
          "mean": 0.08462092777093251,
          "std": 0.0017261897824204578
        },
        "r2": {
          "mean": 0.9987615897941092,
          "std": 5.288630795200797e-05
        }
      }
    }
  ],
  "prediction_results": {
    "100": {
      "total_time_ms": 0.4055409226566553,
      "time_per_sample_ms": 0.004055409226566553,
      "memory_mb": 0.006866455078125,
      "samples_per_second": 246584.239501431
    },
    "1000": {
      "total_time_ms": 2.4509590584784746,
      "time_per_sample_ms": 0.0024509590584784746,
      "memory_mb": 0.0583648681640625,
      "samples_per_second": 408003.5513203504
    },
    "5000": {
      "total_time_ms": 1.491790870204568,
      "time_per_sample_ms": 0.00029835817404091355,
      "memory_mb": 0.2231292724609375,
      "samples_per_second": 3351676.2301369724
    },
    "10000": {
      "total_time_ms": 2.6408329140394926,
      "time_per_sample_ms": 0.0002640832914039493,
      "memory_mb": 0.4138641357421875,
      "samples_per_second": 3786684.0975954505
    }
  }
}